child,model,n_episodes,n_cues,outcome_mean,beta_COI_x_cum,se_COI_x_cum,p_COI_x_cum,r2,beta_rplus_episode_z_local,p_rplus_episode_z_local,beta_rplus_between_z_local,p_rplus_between_z_local,beta_rplus_ep_x_COI_local,p_rplus_ep_x_COI_local,beta_rplus_bet_x_COI_local,p_rplus_bet_x_COI_local,language,window,subcorpus,subcorpus_norm
Adam,base,6707,90,0.5822275234829283,0.04000067986958835,0.017197521794884006,0.020020895403512387,0.3133057101481509,,,,,,,,,English,5,Brown,Brown
Eve,base,1570,64,0.5929936305732484,-0.05243264626711596,0.03256706169320958,0.10740002190185317,0.31068618768082523,,,,,,,,,English,5,Brown,Brown
Sarah,base,6682,89,0.5296318467524693,0.056982384133801335,0.01762933416170063,0.0012282031353625484,0.3018410021871676,,,,,,,,,English,5,Brown,Brown
Anne,base,6175,83,0.417165991902834,0.022389411147209288,0.01903579373943939,0.23952523689960215,0.21589017745943007,,,,,,,,,English-Manchester,5,Manchester,Manchester
Aran,base,5762,88,0.5095452967719541,0.04155075172045557,0.02445151534997102,0.08926042608555512,0.2917294513008818,,,,,,,,,English-Manchester,5,Manchester,Manchester
Becky,base,2415,70,0.4380952380952381,-0.020995801324890706,0.039065165473036845,0.5909527806442154,0.25996642708923146,,,,,,,,,English-Manchester,5,Manchester,Manchester
Carl,base,5983,83,0.5189704161791743,-0.015825433782755548,0.03162163312557526,0.6167496280071572,0.26290374956717144,,,,,,,,,English-Manchester,5,Manchester,Manchester
Dominic,base,1575,56,0.48,0.021670201322656783,0.03621835735308462,0.5496258124484094,0.13173644591697187,,,,,,,,,English-Manchester,5,Manchester,Manchester
Gail,base,1526,67,0.41546526867627787,0.01745972590826414,0.031943497583317826,0.5846662584345663,0.19605492210426145,,,,,,,,,English-Manchester,5,Manchester,Manchester
Joel,base,3532,78,0.4909399773499434,0.012337074853891364,0.028775028092641684,0.668110694484777,0.2884827687769742,,,,,,,,,English-Manchester,5,Manchester,Manchester
John,base,14831,101,0.40995212730092373,-0.022553464323691735,0.022971135349877738,0.3261897299296196,0.23901539359928092,,,,,,,,,English-Manchester,5,Manchester,Manchester
Liz,base,8212,90,0.39064783244033124,-0.015121501165599273,0.05018062301101232,0.7631541445425898,0.22491762061784804,,,,,,,,,English-Manchester,5,Manchester,Manchester
Ruth,base,9241,92,0.40406882372037656,-0.012528633425598174,0.036064604756623125,0.7282952128288588,0.253816004119499,,,,,,,,,English-Manchester,5,Manchester,Manchester
Warren,base,18281,100,0.45621136699305287,-0.022386925463322428,0.01788393910891822,0.21064661248034167,0.28358956470187535,,,,,,,,,English-Manchester,5,Manchester,Manchester
Abigail,base,4296,94,0.4231843575418994,0.048967004525780566,0.03279055171369587,0.1353517046000864,0.314895856047839,,,,,,,,,English-UK,5,UK_short_observation (n_files<30),UK_short_obs
Anne,base,2042,71,0.41723800195886385,0.040733961730530455,0.02466647864822988,0.09865908493189306,0.16676779373439488,,,,,,,,,English-UK,5,Manchester,Manchester
Aran,base,792,54,0.5252525252525253,0.07824440191604129,0.03583500732864667,0.029001752809010014,0.30945786316818524,,,,,,,,,English-UK,5,Manchester,Manchester
Becky,base,627,55,0.5151515151515151,-0.04588937189550382,0.03836818384013817,0.2316861440391409,0.23444029110210562,,,,,,,,,English-UK,5,Manchester,Manchester
Carl,base,2512,74,0.5473726114649682,0.027563739999423086,0.033402099431684554,0.4092524870653037,0.2967868556016581,,,,,,,,,English-UK,5,Manchester,Manchester
Dominic,base,1536,59,0.4798177083333333,0.004729241548292379,0.028987057625387457,0.8704002487299158,0.13213386876763433,,,,,,,,,English-UK,5,Manchester,Manchester
Eleanor,base,43709,121,0.4436614884806333,0.01856794817313345,0.017149765735017777,0.2789442755931474,0.2671402428289237,,,,,,,,,English-UK,5,UK_long_longitudinal (n_files≥30),UK_long_long
Frances,base,1451,74,0.49758787043418334,-0.00041582263003231423,0.03241530398979349,0.9897650394560642,0.31978456269342037,,,,,,,,,English-UK,5,UK_short_observation (n_files<30),UK_short_obs
Fraser,base,13062,100,0.45751033532384017,4.472873522872974e-05,0.012244543153196352,0.9970853720350698,0.2405998682009135,,,,,,,,,English-UK,5,UK_long_longitudinal (n_files≥30),UK_long_long
Geoffrey,base,1853,74,0.43658931462493256,0.05079850024540375,0.026627832185603634,0.05642716170088175,0.3136323443677471,,,,,,,,,English-UK,5,UK_short_observation (n_files<30),UK_short_obs
Helen,base,515,54,0.5145631067961165,0.1393509400709634,0.022197011746737612,3.4314469583882157e-10,0.3363886277842305,,,,,,,,,English-UK,5,UK_long_longitudinal (n_files≥30),UK_long_long
Jack,base,401,47,0.3516209476309227,0.011286905853356705,0.039023511836347724,0.772402718293309,0.303362372982959,,,,,,,,,English-UK,5,UK_short_observation (n_files<30),UK_short_obs
Jason,base,320,45,0.353125,0.07885065393780732,0.04037604484385254,0.0508306356808585,0.19619816355647357,,,,,,,,,English-UK,5,UK_short_observation (n_files<30),UK_short_obs
Joel,base,277,36,0.5018050541516246,0.007930995721849396,0.0400660629383696,0.8430857740468551,0.3035982539957519,,,,,,,,,English-UK,5,Manchester,Manchester
John,base,3875,82,0.46580645161290324,-0.03709970152879327,0.030944007699298278,0.2305551355417218,0.2853896423128153,,,,,,,,,English-UK,5,Manchester,Manchester
Jonathan,base,240,39,0.55,0.08568057661278403,0.05913474466622206,0.1473643536691933,0.28115496960429176,,,,,,,,,English-UK,5,UK_short_observation (n_files<30),UK_short_obs
Laura,base,588,53,0.4370748299319728,0.1417570009488882,0.06756063704217771,0.03588581878419723,0.24070796280648465,,,,,,,,,English-UK,5,UK_short_observation (n_files<30),UK_short_obs
Liz,base,4183,78,0.38130528328950514,0.05589653973073323,0.04608461155286298,0.225163787767254,0.24531981960678673,,,,,,,,,English-UK,5,Manchester,Manchester
Neville,base,1330,63,0.26090225563909775,-0.030436007097802704,0.028840114310346176,0.2912717418942118,0.12205363962238347,,,,,,,,,English-UK,5,UK_short_observation (n_files<30),UK_short_obs
Nicole,base,1564,71,0.36445012787723785,0.08551253472250323,0.021134158167627617,5.20609796303451e-05,0.17930079296736356,,,,,,,,,English-UK,5,UK_long_longitudinal (n_files≥30),UK_long_long
Penny,base,357,40,0.6106442577030813,0.0416182640294154,0.06128056679971612,0.49704730005315423,0.27682497180096155,,,,,,,,,English-UK,5,UK_short_observation (n_files<30),UK_short_obs
Ruth,base,648,50,0.4521604938271605,-0.010191013619668936,0.03514671367698586,0.7718496137610357,0.23192261879214948,,,,,,,,,English-UK,5,Manchester,Manchester
Samantha,base,1386,65,0.4148629148629149,-0.027687279355995242,0.0597968962307105,0.643348587436859,0.301263818271053,,,,,,,,,English-UK,5,UK_short_observation (n_files<30),UK_short_obs
Sean,base,4918,94,0.4211061407076047,0.050866840193034356,0.03807969604040612,0.18161480562623666,0.3271787759387138,,,,,,,,,English-UK,5,UK_short_observation (n_files<30),UK_short_obs
Stella,base,1484,64,0.37129380053908356,0.08706432400290023,0.03576800615278603,0.014927232393527574,0.2546056671020954,,,,,,,,,English-UK,5,UK_short_observation (n_files<30),UK_short_obs
Thomas,base,166827,136,0.3821204001750316,0.01610792970800856,0.015717940196712007,0.3054520238794156,0.281058283834944,,,,,,,,,English-UK,5,UK_long_longitudinal (n_files≥30),UK_long_long
Warren,base,42815,124,0.38316010743898166,-0.008510495437519767,0.01912298770880057,0.656290810297727,0.2812254502950684,,,,,,,,,English-UK,5,Manchester,Manchester
April,base,667,59,0.49775112443778113,-0.008298134967009096,0.018401818253164778,0.6520320474205912,0.32063896082239207,,,,,,,,,English-NA-Pool,5,,NA_other
